"country","density","agricultural_land_percent","land_area_km2","birth_rate","capital","co2_emissions","cpi","cpi_change_percent","fertility_rate","forested_area_percent","gdp","gross_primary_education_enrollment_percent","gross_tertiary_education_enrollment_percent","infant_mortality","life_expectancy","maternal_mortality_ratio","official_language","health_expenditure_oop","physicians_per_thousand","population","labor_force_percent","urban_population","latitude","longtitude","region"
"Afghanistan",60,58.1,652230,32.49,"Kabul",8672,149.9,2.3,4.47,2.1,19101353833,104,9.7,47.9,64.5,638,"Pashto",78.4,0.28,38041754,48.9,9797273,33.93911,67.709953,"South Asia"
"Albania",105,43.1,28748,11.78,"Tirana",4536,119.05,1.4,1.62,28.1,15278077447,107,55,7.8,78.5,15,"Albanian",56.9,1.2,2854191,55.7,1747593,41.153332,20.168331,"Europe & Central Asia"
"Algeria",18,17.4,2381741,24.28,"Algiers",150006,151.36,2,3.02,0.8,1.7e+11,109.9,51.4,20.1,76.7,112,"Arabic",28.1,1.72,43053054,41.2,31510100,28.033886,1.659626,"Middle East & North Africa"
"Angola",26,47.5,1246700,40.73,"Luanda",34693,261.73,17.1,5.52,46.3,94635415870,113.5,9.3,51.6,60.8,241,"Portuguese",33.4,0.21,31825295,77.5,21061025,-11.202692,17.873887,"Sub-Saharan Africa"
"Argentina",17,54.3,2780400,17.02,"Buenos Aires",201348,232.75,53.5,2.26,9.8,4.5e+11,109.7,90,8.8,76.5,39,"Spanish",17.6,3.96,44938712,61.3,41339571,-38.416097,-63.616672,"Latin America & Caribbean"
"Armenia",104,58.9,29743,13.99,"Yerevan",5156,129.18,1.4,1.76,11.7,13672802158,92.7,54.6,11,74.9,26,"Armenian",81.6,4.4,2957731,55.6,1869848,40.069099,45.038189,"Europe & Central Asia"
"Australia",3,48.2,7741220,12.6,"Canberra",375908,119.8,1.6,1.74,16.3,1.39e+12,100.3,113.1,3.1,82.7,6,"None",19.6,3.68,25766605,65.5,21844756,-25.274398,133.775136,"East Asia & Pacific"
"Austria",109,32.4,83871,9.7,"Vienna",61448,118.06,1.5,1.47,46.9,4.46e+11,103.1,85.1,2.9,81.6,5,"German",17.9,5.17,8877067,60.7,5194416,47.516231,14.550072,"Europe & Central Asia"
"Azerbaijan",123,57.7,86600,14,"Baku",37620,156.32,2.6,1.73,14.1,3.9207e+10,99.7,27.7,19.2,72.9,26,"Azerbaijani language",78.6,3.45,10023318,66.5,5616165,40.143105,47.576927,"Europe & Central Asia"
"The Bahamas",39,1.4,13880,13.97,"Nassau, Bahamas",1786,116.22,2.5,1.75,51.4,1.2827e+10,81.4,15.1,8.3,73.8,70,"English",27.8,1.94,389482,74.6,323784,25.03428,-77.39628,"Latin America & Caribbean"
"Bahrain",2239,11.1,765,13.99,"Manama",31694,117.59,2.1,1.99,0.8,38574069149,99.4,50.5,6.1,77.2,14,"Arabic",25.1,0.93,1501635,73.4,1467109,26.0667,50.5577,"Middle East & North Africa"
"Bangladesh",1265,70.6,148460,18.18,"Dhaka",84246,179.68,5.6,2.04,11,3.03e+11,116.5,20.6,25.1,72.3,173,"Bengali",71.8,0.58,167310838,59,60987417,23.684994,90.356331,"South Asia"
"Barbados",668,23.3,430,10.65,"Bridgetown",1276,134.09,4.1,1.62,14.7,5.209e+09,99.4,65.4,11.3,79.1,27,"English",45.2,2.48,287025,65.2,89431,13.193887,-59.543198,"Latin America & Caribbean"
"Belgium",383,44.6,30528,10.3,"City of Brussels",96889,117.11,1.4,1.62,22.6,5.3e+11,103.9,79.7,2.9,81.6,5,"French",17.6,3.07,11484055,53.6,11259082,50.503887,4.469936,"Europe & Central Asia"
"Belize",17,7,22966,20.79,"Belmopan",568,105.68,-0.9,2.31,59.7,1879613600,111.7,24.7,11.2,74.5,36,"English",22.7,1.12,390353,65.1,179039,17.189877,-88.49765,"Latin America & Caribbean"
"Benin",108,33.3,112622,36.22,"Porto-Novo",6476,110.71,-0.9,4.84,37.8,14390709095,122,12.3,60.5,61.5,397,"French",40.5,0.08,11801151,70.9,5648149,9.30769,2.315834,"Sub-Saharan Africa"
"Bhutan",20,13.6,38394,17.26,"Thimphu",1261,167.18,2.7,1.98,72.5,2446674101,100.1,15.6,24.8,71.5,183,"Dzongkha",19.8,0.42,727145,66.7,317538,27.514162,90.433601,"South Asia"
"Botswana",4,45.6,581730,24.82,"Gaborone",6340,149.75,2.8,2.87,18.9,18340510789,103.2,24.9,30,69.3,144,"English",5.3,0.37,2346179,70.8,1616550,-22.328474,24.684866,"Sub-Saharan Africa"
"Brazil",25,33.9,8515770,13.92,"Bras���",462299,167.4,3.7,1.73,58.9,1.84e+12,115.4,51.3,12.8,75.7,60,"Portuguese",28.3,2.15,212559417,63.9,183241641,-14.235004,-51.92528,"Latin America & Caribbean"
"Brunei",83,2.7,5765,14.9,"Bandar Seri Begawan",7664,99.03,-0.4,1.85,72.1,13469422941,103.2,31.4,9.8,75.7,31,"Malay",6,1.61,433285,64.7,337711,4.535277,114.727669,"East Asia & Pacific"
"Bulgaria",64,46.3,110879,8.9,"Sofia",41708,114.42,3.1,1.56,35.4,8.6e+10,89.3,71,5.9,74.9,10,"Bulgarian",47.7,4.03,6975761,55.4,5256027,42.733883,25.48583,"Europe & Central Asia"
"Burkina Faso",76,44.2,274200,37.93,"Ouagadougou",3418,106.58,-3.2,5.19,19.3,15745810235,96.1,6.5,49,61.2,320,"French",36.1,0.08,20321378,66.4,6092349,12.238333,-1.561593,"Sub-Saharan Africa"
"Burundi",463,79.2,27830,39.01,"Bujumbura",495,182.11,-0.7,5.41,10.9,3012334882,121.4,6.1,41,61.2,548,"Kirundi",19.1,0.1,11530580,79.2,1541177,-3.373056,29.918886,"Sub-Saharan Africa"
"Ivory Coast",83,64.8,322463,35.74,"Yamoussoukro",9674,111.61,-0.9,4.65,32.7,58792205642,99.8,9.3,59.4,57.4,617,"French",36,0.23,25716544,57,13176900,7.539989,-5.54708,"Sub-Saharan Africa"
"Cape Verde",138,19.6,4033,19.49,"Praia",543,110.5,1.1,2.27,22.5,1981845741,104,23.6,16.7,72.8,58,"Portuguese",23.2,0.77,483628,60.5,364029,16.5388,-23.0418,"Sub-Saharan Africa"
"Cambodia",95,30.9,181035,22.46,"Phnom Penh",9919,127.63,2.5,2.5,52.9,27089389787,107.4,13.7,24,69.6,160,"Khmer language",59.4,0.17,16486542,82.3,3924621,12.565679,104.990963,"East Asia & Pacific"
"Cameroon",56,20.6,475440,35.39,"Yaound�",8291,118.65,2.5,4.57,39.3,38760467033,103.4,12.8,50.6,58.9,529,"French",69.7,0.09,25876380,76.1,14741256,7.369722,12.354722,"Sub-Saharan Africa"
"Canada",4,6.9,9984670,10.1,"Ottawa",544894,116.76,1.9,1.5,38.2,1.74e+12,100.9,68.9,4.3,81.9,10,"French",14.6,2.61,36991981,65.1,30628482,56.130366,-106.346771,"North America"
"Central African Republic",8,8.2,622984,35.35,"Bangui",297,186.86,37.1,4.72,35.6,2220307369,102,3,84.5,52.8,829,"French",39.6,0.06,4745185,72,1982064,6.611111,20.939444,"Sub-Saharan Africa"
"Chad",13,39.7,1284000,42.17,"N'Djamena",1016,117.7,-1,5.75,3.8,11314951343,86.8,3.3,71.4,54,1140,"French",56.4,0.04,15946876,70.7,3712273,15.454166,18.732207,"Sub-Saharan Africa"
"Chile",26,21.2,756096,12.43,"Santiago",85822,131.91,2.6,1.65,24.3,2.82e+11,101.4,88.5,6.2,80,13,"Spanish",32.2,2.59,18952038,62.6,16610135,-35.675147,-71.542969,"Latin America & Caribbean"
"China",153,56.2,9596960,10.9,"Beijing",9893038,125.08,2.9,1.69,22.4,1.99e+13,100.2,50.6,7.4,77,29,"Standard Chinese",32.4,1.98,1397715000,68,842933962,35.86166,104.195397,"East Asia & Pacific"
"Colombia",46,40.3,1138910,14.88,"Bogot�",97814,140.95,3.5,1.81,52.7,3.24e+11,114.5,55.3,12.2,77.1,83,"Spanish",18.3,2.18,50339443,68.8,40827302,4.570868,-74.297333,"Latin America & Caribbean"
"Comoros",467,71.5,2235,31.88,"Moroni, Comoros",202,103.62,-4.3,4.21,19.7,1185728677,99.5,9,51.3,64.1,273,"French",74.8,0.27,850886,43.3,248152,-11.6455,43.3333,"Sub-Saharan Africa"
"Republic of the Congo",16,31.1,342000,32.86,"Brazzaville",3282,124.74,2.2,4.43,65.4,10820591131,106.6,12.7,36.2,64.3,378,"French",43.8,0.12,5380508,69.4,3625010,-0.228021,15.827659,"Sub-Saharan Africa"
"Costa Rica",100,34.5,51100,13.97,"San Jos������",8023,128.85,2.1,1.75,54.6,61773944174,113.3,55.2,7.6,80.1,27,"Spanish",21.5,2.89,5047561,62.1,4041885,9.748917,-83.753428,"Latin America & Caribbean"
"Croatia",73,27.6,56594,9,"Zagreb",17488,109.82,0.8,1.47,34.4,60415553039,96.5,67.9,4,78.1,8,"Croatian",15.2,3,4067500,51.2,2328318,45.1,15.2,"Europe & Central Asia"
"Cyprus",131,12.2,9251,10.46,"Nicosia",6626,102.51,0.3,1.33,18.7,24564647935,99.3,75.9,1.9,80.8,6,"Greek",43.9,1.95,1198575,63.1,800708,35.126413,33.429859,"Europe & Central Asia"
"Czech Republic",139,45.2,78867,10.7,"Prague",102218,116.48,2.8,1.69,34.6,2.46e+11,100.7,64.1,2.7,79,3,"Czech",14.8,4.12,10669709,60.6,7887156,49.817492,15.472962,"Europe & Central Asia"
"Democratic Republic of the Congo",40,11.6,2344858,41.18,"Kinshasa",2021,133.85,2.9,5.92,67.2,47319624204,108,6.6,68.2,60.4,473,"French",37.4,0.07,86790567,63.5,39095679,-4.038333,21.758664,"Sub-Saharan Africa"
"Denmark",137,62,43094,10.6,"Copenhagen",31786,110.35,0.8,1.73,14.7,3.48e+11,101.3,80.6,3.6,81,4,"Danish",13.7,4.01,5818553,62.2,5119978,56.26392,9.501785,"Europe & Central Asia"
"Djibouti",43,73.4,23200,21.47,"Djibouti City",620,120.25,3.3,2.73,0.2,3318716359,75.3,5.3,49.8,66.6,248,"French",20.4,0.22,973560,60.2,758549,11.825138,42.590275,"Middle East & North Africa"
"Dominican Republic",225,48.7,48670,19.51,"Santo Domingo",25258,135.5,1.8,2.35,41.7,88941298258,105.7,59.9,24.1,73.9,95,"Spanish",43.7,1.56,10738958,64.3,8787475,18.735693,-70.162651,"Latin America & Caribbean"
"Ecuador",71,22.2,283561,19.72,"Quito",41155,124.14,0.3,2.43,50.2,1.07e+11,103.3,44.9,12.2,76.8,59,"Spanish",43.7,2.04,17373662,68,11116711,-1.831239,-78.183406,"Latin America & Caribbean"
"Egypt",103,3.8,1001450,26.38,"Cairo",238560,288.57,9.2,3.33,0.1,3.03e+11,106.3,35.2,18.1,71.8,37,"Modern Standard Arabic",62,0.45,100388073,46.4,42895824,26.820553,30.802498,"Middle East & North Africa"
"El Salvador",313,76.4,21041,18.25,"San Salvador",7169,111.23,0.1,2.04,12.6,27022640000,94.8,29.4,11.8,73.1,46,"Spanish",27.9,1.57,6453553,59.1,4694702,13.794185,-88.89653,"Latin America & Caribbean"
"Equatorial Guinea",50,10.1,28051,33.24,"Malabo",5655,124.35,1.2,4.51,55.5,11026774945,61.8,1.9,62.6,58.4,301,"Spanish",72,0.4,1355986,62,984812,1.650801,10.267895,"Sub-Saharan Africa"
"Estonia",31,23.1,45228,10.9,"Tallinn",16590,122.14,2.3,1.59,51.3,31386949981,97.2,69.6,2.1,78.2,9,"Estonian",22.8,4.48,1331824,63.6,916024,58.595272,25.013607,"Europe & Central Asia"
"Ethiopia",115,36.3,1104300,32.34,"Addis Ababa",14870,143.86,15.8,4.25,12.5,96107662398,101,8.1,39.1,66.2,401,"Amharic",37.8,0.08,112078730,79.6,23788710,9.145,40.489673,"Sub-Saharan Africa"
"Fiji",49,23.3,18274,21.28,"Suva",2046,132.3,1.8,2.77,55.9,5535548972,106.4,16.1,21.6,67.3,34,"Fiji Hindi",21.4,0.84,889953,57.6,505048,-17.713371,178.065032,"East Asia & Pacific"
"Finland",18,7.5,338145,8.6,"Helsinki",45871,112.33,1,1.41,73.1,2.69e+11,100.2,88.2,1.4,81.7,3,"Swedish",19.9,3.81,5520314,59.1,4716888,61.92411,25.748151,"Europe & Central Asia"
"France",119,52.4,643801,11.3,"Paris",303276,110.05,1.1,1.88,31.2,2.72e+12,102.5,65.6,3.4,82.5,8,"French",6.8,3.27,67059887,55.1,54123364,46.227638,2.213749,"Europe & Central Asia"
"Gabon",9,20,267667,31.61,"Libreville",5321,122.19,2.1,3.97,90,16657960228,139.9,8.3,32.7,66.2,252,"French",25.9,0.68,2172579,52.9,1949694,-0.803689,11.609444,"Sub-Saharan Africa"
"The Gambia",239,59.8,11300,38.54,"Banjul",532,172.73,7.1,5.22,48.4,1763819048,98,2.7,39,61.7,597,"English",20.3,0.1,2347706,59.4,1453958,13.443182,-15.310139,"Sub-Saharan Africa"
"Georgia",57,34.5,69700,13.47,"Tbilisi",10128,133.61,4.9,2.06,40.6,17743195770,98.6,63.9,8.7,73.6,25,"Georgian",57.3,7.12,3720382,68.3,2196476,42.315407,43.356892,"Europe & Central Asia"
"Germany",240,47.7,357022,9.5,"Berlin",727973,112.85,1.4,1.56,32.7,3.85e+12,104,70.2,3.1,80.9,7,"German",12.5,4.25,83132799,60.8,64324835,51.165691,10.451526,"Europe & Central Asia"
"Ghana",137,69,238533,29.41,"Accra",16670,268.36,7.2,3.87,41.2,66983634224,104.8,15.7,34.9,63.8,308,"English",36.1,0.14,30792608,67.8,17249054,7.946527,-1.023194,"Sub-Saharan Africa"
"Greece",81,47.6,131957,8.1,"Athens",62434,101.87,0.2,1.35,31.7,2.1e+11,99.6,136.6,3.6,81.3,3,"Greek",35.5,5.48,10716322,51.8,8507474,39.074208,21.824312,"Europe & Central Asia"
"Guatemala",167,36,108889,24.56,"Guatemala City",16777,142.92,3.7,2.87,32.7,76710385880,101.9,21.8,22.1,74.1,95,"Spanish",55.8,0.35,16604026,62.3,8540945,15.783471,-90.230759,"Latin America & Caribbean"
"Guinea",53,59,245857,36.36,"Conakry",2996,262.95,9.5,4.7,25.8,13590281809,91.5,11.6,64.9,61.2,576,"French",54.5,0.08,12771246,61.5,4661505,9.945587,-9.696645,"Sub-Saharan Africa"
"Guinea-Bissau",70,58,36125,35.13,"Bissau",293,111.65,1.4,4.48,69.8,1340389411,118.7,2.6,54,58,667,"Portuguese",37.2,0.13,1920922,72,840922,11.803749,-15.180413,"Sub-Saharan Africa"
"Guyana",4,8.6,214969,19.97,"Georgetown, Guyana",2384,116.19,2.1,2.46,83.9,4280443645,97.8,11.6,25.1,69.8,169,"English",40.5,0.8,782766,56.2,208912,4.860416,-58.93018,"Latin America & Caribbean"
"Haiti",414,66.8,27750,24.35,"Port-au-Prince",2978,179.29,12.5,2.94,3.5,8498981821,113.6,1.1,49.5,63.7,480,"French",36.3,0.23,11263077,67.2,6328948,18.971187,-72.285215,"Latin America & Caribbean"
"Honduras",89,28.9,112090,21.6,"Tegucigalpa",9813,150.34,4.4,2.46,40,25095395475,91.5,26.2,15.1,75.1,65,"Spanish",49.1,0.31,9746117,68.8,5626433,15.199999,-86.241905,"Latin America & Caribbean"
"Hungary",107,58.4,93028,9.6,"Budapest",45537,121.64,3.3,1.54,22.9,1.61e+11,100.8,48.5,3.6,75.8,12,"Hungarian",29,3.41,9769949,56.5,6999582,47.162494,19.503304,"Europe & Central Asia"
"Iceland",3,18.7,103000,12,"Reykjav��",2065,129,3,1.71,0.5,24188035739,100.4,71.8,1.5,82.7,4,"Icelandic",17,4.08,361313,75,339110,64.963051,-19.020835,"Europe & Central Asia"
"India",464,60.4,3287263,17.86,"New Delhi",2407672,180.44,7.7,2.22,23.8,2.61e+12,113,28.1,29.9,69.4,145,"Hindi",65.1,0.86,1366417754,49.3,471031528,20.593684,78.96288,"South Asia"
"Indonesia",151,31.5,1904569,18.07,"Jakarta",563325,151.18,3,2.31,49.9,1.12e+12,106.4,36.3,21.1,71.5,177,"Indonesian",48.3,0.43,270203917,67.5,151509724,-0.789275,113.921327,"East Asia & Pacific"
"Iran",52,28.2,1648195,18.78,"Tehran",661710,550.93,39.9,2.14,6.6,4.45e+11,110.7,68.1,12.4,76.5,16,"Persian",39.7,1.58,82913906,44.7,62509623,32.427908,53.688046,"Middle East & North Africa"
"Iraq",93,21.4,438317,29.08,"Baghdad",190061,119.86,0.4,3.67,1.9,2.34e+11,108.7,16.2,22.5,70.5,79,"Arabic",76.5,0.71,39309783,43,27783368,33.223191,43.679291,"Middle East & North Africa"
"Republic of Ireland",72,64.5,70273,12.5,"Dublin",37711,106.58,0.9,1.75,11,3.89e+11,100.9,77.8,3.1,82.3,5,"Irish",15.2,3.31,5007069,62.1,3133123,53.41291,-8.24389,"Europe & Central Asia"
"Israel",400,24.6,20770,20.8,"Jerusalem",65166,108.15,0.8,3.09,7.7,3.95e+11,104.9,63.4,3,82.8,3,"Hebrew",24.4,4.62,9053300,64,8374393,31.046051,34.851612,"Middle East & North Africa"
"Italy",206,43.2,301340,7.3,"Rome",320411,110.62,0.6,1.29,31.8,2e+12,101.9,61.9,2.6,82.9,2,"Italian",22.8,3.98,60297396,49.6,42651966,41.87194,12.56738,"Europe & Central Asia"
"Jamaica",273,41,10991,16.1,"Kingston, Jamaica",8225,162.47,3.9,1.98,30.9,16458071068,91,27.1,12.4,74.4,80,"Jamaican English",23.7,1.31,2948279,66,1650594,18.109581,-77.297508,"Latin America & Caribbean"
"Japan",347,12.3,377944,7.4,"Tokyo",1135886,105.48,0.5,1.42,68.5,5.08e+12,98.8,63.2,1.8,84.2,5,"None",13.1,2.41,126226568,61.7,115782416,36.204824,138.252924,"East Asia & Pacific"
"Jordan",115,12,89342,21.98,"Amman",25108,125.6,0.8,2.76,1.1,43743661972,81.5,34.4,13.9,74.4,46,"Arabic",25.1,2.32,10101694,39.3,9213048,30.585164,36.238414,"Middle East & North Africa"
"Kazakhstan",7,80.4,2724900,21.77,"Astana",247207,182.75,5.2,2.84,1.2,1.8e+11,104.4,61.7,8.8,73.2,10,"Russian",38.8,3.25,18513930,68.8,10652915,48.019573,66.923684,"Europe & Central Asia"
"Kenya",94,48.5,580367,28.75,"Nairobi",17910,180.51,4.7,3.49,7.8,95503088538,103.2,11.5,30.6,66.3,342,"Swahili",33.4,0.16,52573973,74.7,14461523,-0.023559,37.906193,"Sub-Saharan Africa"
"Kuwait",240,8.4,17818,13.94,"Kuwait City",98734,126.6,1.1,2.08,0.4,1.35e+11,92.4,54.4,6.7,75.4,12,"Modern Standard Arabic",14.4,2.58,4207083,73.5,4207083,29.31166,47.481766,"Middle East & North Africa"
"Kyrgyzstan",34,55,199951,27.1,"Bishkek",9787,155.68,1.1,3.3,3.3,8454619608,107.6,41.3,16.9,71.4,60,"Russian",48.2,1.88,6456900,59.8,2362644,41.20438,74.766098,"Europe & Central Asia"
"Laos",32,10.3,236800,23.55,"Vientiane",17763,135.87,3.3,2.67,82.1,18173839128,102.4,15,37.6,67.6,185,"Lao",45.4,0.37,7169455,78.5,2555552,19.85627,102.495496,"East Asia & Pacific"
"Latvia",30,31.1,64589,10,"Riga",7004,116.86,2.8,1.6,54,34117202555,99.4,88.1,3.3,74.7,19,"Latvian",41.6,3.19,1912789,61.4,1304943,56.879635,24.603189,"Europe & Central Asia"
"Lebanon",667,64.3,10400,17.55,"Beirut",24796,130.02,3,2.09,13.4,53367042272,95.1,26.3,6.4,78.9,29,"Arabic",32.1,2.1,6855713,47,6084994,33.854721,35.862285,"Middle East & North Africa"
"Lesotho",71,77.6,30355,26.81,"Maseru",2512,155.86,5.2,3.14,1.6,2460072444,120.9,10.2,65.7,53.7,544,"English",16.9,0.07,2125268,67.9,607508,-29.609988,28.233608,"Sub-Saharan Africa"
"Liberia",53,28,111369,33.04,"Monrovia",1386,223.13,23.6,4.32,43.1,3070518100,85.1,11.9,53.5,63.7,661,"English",19.6,0.04,4937374,76.3,2548426,6.428055,-9.429499,"Sub-Saharan Africa"
"Lithuania",43,47.2,65300,10,"Vilnius",12963,118.38,2.3,1.63,34.8,54219315600,103.9,72.4,3.3,75.7,8,"Lithuanian",32.1,6.35,2786844,61.6,1891013,55.169438,23.881275,"Europe & Central Asia"
"Luxembourg",242,53.7,2586,10.3,"Luxembourg City",8988,115.09,1.7,1.37,35.7,71104919108,102.3,19.2,1.9,82.1,5,"Luxembourgish",10.6,3.01,645397,59.3,565488,49.815273,6.129583,"Europe & Central Asia"
"Madagascar",48,71.2,587041,32.66,"Antananarivo",3905,184.33,5.6,4.08,21.4,14083906357,142.5,5.4,38.2,66.7,335,"French",21.7,0.18,26969307,86.1,10210849,-18.766947,46.869107,"Sub-Saharan Africa"
"Malawi",203,61.4,118484,34.12,"Lilongwe",1298,418.34,9.4,4.21,33.2,7666704427,142.5,0.8,35.3,63.8,349,"English",11,0.04,18628747,76.7,3199301,-13.254308,34.301525,"Sub-Saharan Africa"
"Malaysia",99,26.3,329847,16.75,"Kuala Lumpur",248289,121.46,0.7,2,67.6,3.65e+11,105.3,45.1,6.7,76,29,"Malaysian language",36.7,1.51,32447385,64.3,24475766,4.210484,101.975766,"East Asia & Pacific"
"Maldives",1802,26.3,298,14.2,"Mal�",1445,99.7,0.2,1.87,3.3,5729248472,97.1,31.2,7.4,78.6,53,"Divehi",16.4,4.56,530953,69.8,213645,3.202778,73.22068,"South Asia"
"Mali",17,33.8,1240192,41.54,"Bamako",3179,108.73,-1.7,5.88,3.8,17510141171,75.6,4.5,62,58.9,562,"French",46.3,0.13,19658031,70.8,8479688,17.570692,-3.996166,"Sub-Saharan Africa"
"Malta",1380,32.4,316,9.2,"Valletta",1342,113.45,1.6,1.23,1.1,14786156563,105,54.3,6.1,82.3,6,"Maltese",37.1,2.86,502653,56.5,475902,35.937496,14.375416,"Middle East & North Africa"
"Mauritania",5,38.5,1030700,33.69,"Nouakchott",2739,135.02,2.3,4.56,0.2,7593752450,99.9,5,51.5,64.7,766,"Arabic",48.2,0.19,4525696,45.9,2466821,21.00789,-10.940835,"Sub-Saharan Africa"
"Mauritius",626,42.4,2040,10.2,"Port Louis",4349,129.91,0.4,1.41,19,14180444557,101.1,40.6,13.6,74.4,61,"French",50.7,2.53,1265711,58.3,515980,-20.348404,57.552152,"Sub-Saharan Africa"
"Mexico",66,54.6,1964375,17.6,"Mexico City",486406,141.54,3.6,2.13,33.9,1.26e+12,105.8,40.2,11,75,33,"None",41.4,2.38,126014024,60.7,102626859,23.634501,-102.552784,"Latin America & Caribbean"
"Moldova",123,74.2,33851,10.1,"Chi����",5115,166.2,4.8,1.26,12.6,11955435457,90.6,39.8,13.6,71.8,19,"Romanian",46.2,3.21,2657637,43.1,1135502,47.411631,28.369885,"Europe & Central Asia"
"Mongolia",2,71.5,1564116,24.13,"Ulaanbaatar",25368,195.76,7.3,2.9,8,13852850259,104,65.6,14,69.7,45,"Mongolian",39.3,2.86,3225167,59.7,2210626,46.862496,103.846656,"East Asia & Pacific"
"Montenegro",47,19,13812,11.73,"Podgorica",2017,116.32,2.6,1.75,61.5,5494736901,100,56.1,2.3,76.8,6,"Montenegrin language",31.8,2.76,622137,54.4,417765,42.708678,19.37439,"Europe & Central Asia"
"Morocco",83,68.5,446550,18.94,"Rabat",61276,111.07,0.2,2.42,12.6,1.19e+11,113.9,35.9,19.2,76.5,70,"Arabic",53.1,0.73,36910560,45.3,22975026,31.791702,-7.09262,"Middle East & North Africa"
"Mozambique",40,63.5,799380,37.52,"Maputo",7943,182.31,2.8,4.85,48,14934159926,112.6,7.3,54,60.2,289,"Portuguese",6.8,0.08,30366036,78.1,11092106,-18.665695,35.529562,"Sub-Saharan Africa"
"Myanmar",83,19.5,676578,17.55,"Naypyidaw",25280,168.18,8.8,2.15,43.6,76085852617,112.3,18.8,36.8,66.9,250,"Burmese",73.9,0.68,54045420,61.7,16674093,21.916221,95.955974,"East Asia & Pacific"
"Namibia",3,47.1,824292,28.64,"Windhoek",4228,157.97,3.7,3.4,8.3,12366527719,124.2,22.9,29,63.4,195,"English",8.3,0.42,2494530,59.5,1273258,-22.95764,18.49041,"Sub-Saharan Africa"
"Nepal",203,28.7,147181,19.89,"Kathmandu",9105,188.73,5.6,1.92,25.4,30641380604,142.1,12.4,26.7,70.5,186,"Nepali",60.4,0.75,28608710,83.8,5765513,28.394857,84.124008,"South Asia"
"Netherlands",508,53.3,41543,9.7,"Amsterdam",170780,115.91,2.6,1.59,11.2,9.09e+11,104.2,85,3.3,81.8,5,"Dutch",12.3,3.61,17332850,63.6,15924729,52.132633,5.291266,"Europe & Central Asia"
"New Zealand",18,40.5,268838,11.98,"Wellington",34382,114.24,1.6,1.71,38.6,2.07e+11,100,82,4.7,81.9,9,"English",12.6,3.59,4841000,69.9,4258860,-40.900557,174.885971,"East Asia & Pacific"
"Nicaragua",55,42.1,130370,20.64,"Managua",5592,162.74,5.4,2.4,25.9,12520915291,120.6,17.4,15.7,74.3,98,"Spanish",36,0.98,6545502,66.4,3846137,12.865416,-85.207229,"Latin America & Caribbean"
"Niger",19,36.1,1267000,46.08,"Niamey",2017,109.32,-2.5,6.91,0.9,12928145120,74.7,4.4,48,62,509,"French",52.3,0.04,23310715,72,3850231,17.607789,8.081666,"Sub-Saharan Africa"
"Nigeria",226,77.7,923768,37.91,"Abuja",120369,267.51,11.4,5.39,7.2,4.48e+11,84.7,10.2,75.7,54.3,917,"English",72.2,0.38,200963599,52.9,102806948,9.081999,8.675277,"Sub-Saharan Africa"
"Norway",15,2.7,323802,10.4,"Oslo",41023,120.27,2.2,1.56,33.2,4.03e+11,100.3,82,2.1,82.8,2,"Norwegian",14.3,2.92,5347896,63.8,4418218,60.472024,8.468946,"Europe & Central Asia"
"Oman",16,4.6,309500,19.19,"Muscat",63457,113.53,0.1,2.89,0,76983094928,103.4,38,9.8,77.6,19,"Arabic",6.4,2,5266535,72.4,4250777,21.4735329,55.975413,"Middle East & North Africa"
"Pakistan",287,47.8,796095,28.25,"Islamabad",201150,182.32,10.6,3.51,1.9,3.04e+11,94.3,9,57.2,67.1,140,"Urdu",66.5,0.98,216565318,52.6,79927762,30.375321,69.345116,"South Asia"
"Panama",58,30.4,75420,18.98,"Panama City",10715,122.07,-0.4,2.46,61.9,66800800000,94.4,47.8,13.1,78.3,52,"Spanish",30.5,1.57,4246439,66.6,2890084,8.537981,-80.782127,"Latin America & Caribbean"
"Papua New Guinea",20,2.6,462840,27.07,"Port Moresby",7536,155.99,3.6,3.56,74.1,24969611435,108.5,1.8,38,64.3,145,"Tok Pisin",5.8,0.07,8776109,47.2,1162834,-6.314993,143.95555,"East Asia & Pacific"
"Paraguay",18,55.1,406752,20.57,"Asunci��",7407,143.82,2.8,2.43,37.7,38145288940,104.4,34.6,17.2,74.1,129,"Spanish",36.5,1.35,7044636,72.1,4359150,-23.442503,-58.443832,"Latin America & Caribbean"
"Peru",26,18.5,1285216,17.95,"Lima",57414,129.78,2.1,2.25,57.7,2.27e+11,106.9,70.7,11.1,76.5,88,"Spanish",30.9,1.27,32510453,77.6,25390339,-9.189967,-75.015152,"Latin America & Caribbean"
"Philippines",368,41.7,300000,20.55,"Manila",122287,129.61,2.5,2.58,27.8,3.77e+11,107.5,35.5,22.5,71.1,121,"English",53.5,0.6,108116615,59.6,50975903,12.879721,121.774017,"East Asia & Pacific"
"Poland",124,46.9,312685,10.2,"Warsaw",299037,114.11,2.2,1.46,30.9,5.92e+11,100,67.8,3.8,77.6,2,"Polish",23.2,2.38,37970874,56.7,22796574,51.919438,19.145136,"Europe & Central Asia"
"Portugal",111,39.5,92212,8.5,"Lisbon",48742,110.62,0.3,1.38,34.6,2.38e+11,106.2,63.9,3.1,81.3,8,"Portuguese",27.7,5.12,10269417,58.8,6753579,39.399872,-8.224454,"Europe & Central Asia"
"Qatar",248,5.8,11586,9.54,"Doha",103259,115.38,-0.7,1.87,0,1.83e+11,103.8,17.9,5.8,80.1,9,"Arabic",6.2,2.49,2832067,86.8,2809071,25.354826,51.183884,"Middle East & North Africa"
"Romania",84,58.8,238391,9.6,"Bucharest",69259,123.78,3.8,1.71,30.1,2.5e+11,85.2,49.4,6.1,75.4,19,"Romanian",21.3,2.98,19356544,54.7,10468793,45.943161,24.96676,"Europe & Central Asia"
"Russia",9,13.3,17098240,11.5,"Moscow",1732027,180.75,4.5,1.57,49.8,1.7e+12,102.6,81.9,6.1,72.7,17,"Russian",36.4,4.01,144373535,61.8,107683889,61.52401,105.318756,"Europe & Central Asia"
"Rwanda",525,73.4,26338,31.7,"Kigali",1115,151.09,3.4,4.04,19.7,10122472590,133,6.7,27,68.7,248,"Swahili",26,0.13,12626950,83.7,2186104,-1.940278,29.873888,"Sub-Saharan Africa"
"Saint Lucia",301,17.4,616,12,"Castries",414,110.13,1.9,1.44,33.2,2122450630,102.6,14.1,14.9,76.1,117,"English",48.4,0.64,182790,67.1,34280,13.909444,-60.978893,"Latin America & Caribbean"
"Saint Vincent and the Grenadines",284,25.6,389,14.24,"Kingstown",220,109.67,2.3,1.89,69.2,825385185,113.4,23.7,14.8,72.4,68,"English",21.4,0.66,100455,65.9,58185,12.984305,-61.287228,"Latin America & Caribbean"
"Samoa",70,12.4,2831,24.38,"Apia",246,117.56,1,3.88,60.4,850655017,110.5,7.6,13.6,73.2,43,"Samoan",11.5,0.34,202506,43.7,35588,-13.759029,-172.104629,"East Asia & Pacific"
"Saudi Arabia",16,80.8,2149690,17.8,"Riyadh",563449,118.4,-1.2,2.32,0.5,7.93e+11,99.8,68,6,75,17,"Arabic",15,2.61,34268528,55.9,28807838,23.885942,45.079162,"Middle East & North Africa"
"Senegal",87,46.1,196722,34.52,"Dakar",10902,109.25,1.8,4.63,42.8,23578084052,81,12.8,31.8,67.7,315,"French",44.2,0.07,16296364,45.7,7765706,14.497401,-14.452362,"Sub-Saharan Africa"
"Serbia",100,39.3,77474,9.2,"Belgrade",45221,144,1.8,1.49,31.1,51409167351,100.3,67.2,4.8,75.5,12,"Serbian",40.6,3.11,6944975,54.9,3907243,44.016521,21.005859,"Europe & Central Asia"
"Sierra Leone",111,54.7,71740,33.41,"Freetown",1093,234.16,14.8,4.26,43.1,3941474311,112.8,2,78.5,54.3,1120,"English",38.2,0.03,7813215,57.9,3319366,8.460555,-11.779889,"Sub-Saharan Africa"
"Slovakia",114,39.2,49035,10.6,"Bratislava",32424,115.34,2.7,1.52,40.4,1.05e+11,98.7,46.6,4.6,77.2,5,"Slovak",18.4,3.42,5454073,59.5,2930419,48.669026,19.699024,"Europe & Central Asia"
"Slovenia",103,30.7,20273,9.4,"Ljubljana",12633,111.05,1.6,1.6,62,53742159517,100.4,78.6,1.7,81,7,"Slovene language",12.5,3.09,2087946,58.4,1144654,46.151241,14.995463,"Europe & Central Asia"
"South Africa",49,79.8,1219090,20.51,"Pretoria",476644,158.93,4.1,2.41,7.6,3.51e+11,100.9,22.4,28.5,63.9,119,"Afrikaans",7.7,0.91,58558270,56,39149717,-30.559482,22.937506,"Sub-Saharan Africa"
"South Korea",527,17.4,99720,6.4,"Seoul",620302,115.16,0.4,0.98,63.4,2.03e+12,98.1,94.3,2.7,82.6,11,"Korean",36.8,2.36,51709098,63,42106719,35.907757,127.766922,"East Asia & Pacific"
"Spain",94,52.6,505370,7.9,"Madrid",244002,110.96,0.7,1.26,36.9,1.39e+12,102.7,88.9,2.5,83.3,4,"Spanish",24.2,3.87,47076781,57.5,37927409,40.463667,-3.74922,"Europe & Central Asia"
"Sri Lanka",341,43.7,65610,15.83,"Colombo",23362,155.53,3.5,2.2,32.9,84008783756,100.2,19.6,6.4,76.8,36,"Tamil",38.4,1,21803000,53.9,4052088,7.873054,80.771797,"South Asia"
"Sudan",25,28.7,1861484,32.18,"Khartoum",20000,1344.19,51,4.41,8.1,18902284476,76.8,16.9,42.1,65.1,295,"Arabic",63.2,0.26,42813238,48.4,14957233,12.862807,30.217636,"Sub-Saharan Africa"
"Suriname",4,0.6,163820,18.54,"Paramaribo",1738,294.66,22,2.42,98.3,3985250737,108.8,12.6,16.9,71.6,120,"Dutch",10.1,1.21,581372,51.1,384258,3.919305,-56.027783,"Latin America & Caribbean"
"Sweden",25,7.4,450295,11.4,"Stockholm",43252,110.51,1.8,1.76,68.9,5.31e+11,126.6,67,2.2,82.5,4,"Swedish",15.2,3.98,10285453,64.6,9021165,60.128161,18.643501,"Europe & Central Asia"
"Switzerland",219,38.4,41277,10,"Bern",34477,99.55,0.4,1.52,31.8,7.03e+11,105.2,59.6,3.7,83.6,5,"German",28.3,4.3,8574832,68.3,6332428,46.818188,8.227512,"Europe & Central Asia"
"Syria",95,75.8,185180,23.69,"Damascus",28830,143.2,36.7,2.81,2.7,40405006007,81.7,40.1,14,71.8,31,"Arabic",53.7,1.22,17070135,44.1,9358019,34.802075,38.996815,"Middle East & North Africa"
"Tajikistan",68,34.1,144100,30.76,"Dushanbe",5310,148.57,6,3.59,3,8116626794,100.9,31.3,30.4,70.9,17,"Persian",63.1,1.7,9321018,42,2545477,38.861034,71.276093,"Europe & Central Asia"
"Tanzania",67,44.8,947300,36.7,"Dodoma",11973,187.43,3.5,4.89,51.6,63177068175,94.2,4,37.6,65,524,"Swahili",26.1,0.01,58005463,83.4,20011885,-6.369028,34.888822,"Sub-Saharan Africa"
"Thailand",137,43.3,513120,10.34,"Bangkok",283763,113.27,0.7,1.53,32.2,5.44e+11,99.8,49.3,7.8,76.9,37,"Thai",11.8,0.81,69625582,67.3,35294600,15.870032,100.992541,"East Asia & Pacific"
"East Timor",89,25.6,14874,29.42,"Dili",495,145.38,2.6,4.02,45.4,1673540300,115.3,17.8,39.3,69.3,142,"Portuguese",10.2,0.72,3500000,67.3,400182,-8.874217,125.727539,"East Asia & Pacific"
"Togo",152,70.2,56785,33.11,"Lom�",3000,113.3,0.7,4.32,3.1,5459979417,123.8,14.5,47.4,60.8,396,"French",51,0.08,8082366,77.6,3414638,8.619543,0.824782,"Sub-Saharan Africa"
"Tonga",147,45.8,747,24.3,"Nuku����",128,121.09,7.4,3.56,12.5,450353314,116.3,6.4,13.4,70.8,52,"Tongan Language",10.2,0.52,100209,59.8,24145,-21.178986,-175.198242,"East Asia & Pacific"
"Trinidad and Tobago",273,10.5,5128,12.94,"Port of Spain",43868,141.75,1,1.73,46,24100202834,106.2,12,16.4,73.4,67,"English",37.3,4.17,1394973,60,741944,10.691803,-61.222503,"Latin America & Caribbean"
"Tunisia",76,64.8,163610,17.56,"Tunis",29937,155.33,6.7,2.2,6.8,38797709924,115.4,31.7,14.6,76.5,43,"Arabic",39.8,1.3,11694719,46.1,8099061,33.886917,9.537499,"Middle East & North Africa"
"Turkey",110,49.8,783562,16.03,"Ankara",372725,234.44,15.2,2.07,15.4,7.54e+11,93.2,23.9,9.1,77.4,17,"Turkish",16.9,1.85,83429615,52.8,63097818,38.963745,35.243322,"Europe & Central Asia"
"Uganda",229,71.9,241038,38.14,"Kampala",5680,173.87,2.9,4.96,9.7,34387229486,102.7,4.8,33.8,63,375,"Swahili",40.5,0.17,44269594,70.3,10784516,1.373333,32.290275,"Sub-Saharan Africa"
"Ukraine",75,71.7,603550,8.7,"Kyiv",202250,281.66,7.9,1.3,16.7,1.54e+11,99,82.7,7.5,71.6,19,"Ukrainian",47.8,2.99,44385155,54.2,30835699,48.379433,31.16558,"Europe & Central Asia"
"United Arab Emirates",118,5.5,83600,10.33,"Abu Dhabi",206324,114.52,-1.9,1.41,4.6,4.21e+11,108.4,36.8,6.5,77.8,3,"Arabic",17.8,2.53,9770529,82.1,8479744,23.424076,53.847818,"Middle East & North Africa"
"United Kingdom",281,71.7,243610,11,"London",379025,119.62,1.7,1.68,13.1,2.83e+12,101.2,60,3.6,81.3,7,"English",14.8,2.81,66834405,62.8,55908316,55.378051,-3.435973,"Europe & Central Asia"
"United States",36,44.4,9833517,11.6,"Washington, D.C.",5006302,117.24,7.5,1.73,33.9,2.14e+13,101.8,88.2,5.6,78.5,19,"None",11.1,2.61,328239523,62,270663028,37.09024,-95.712891,"North America"
"Uruguay",20,82.6,176215,13.86,"Montevideo",6766,202.92,7.9,1.97,10.7,56045912952,108.5,63.1,6.4,77.8,17,"Spanish",16.2,5.05,3461734,64,3303394,-32.522779,-55.765835,"Latin America & Caribbean"
"Vanuatu",25,15.3,12189,29.6,"Port Vila",147,117.13,2.8,3.78,36.1,917058851,109.3,4.7,22.3,70.3,72,"French",8.9,0.17,299882,69.9,76152,-15.376706,166.959158,"East Asia & Pacific"
"Venezuela",32,24.5,912050,17.88,"Caracas",164175,2740.27,254.9,2.27,52.7,4.82e+11,97.2,79.3,21.4,72.1,125,"Spanish",45.8,1.92,28515829,59.7,25162368,6.42375,-66.58973,"Latin America & Caribbean"
"Vietnam",314,39.3,331210,16.75,"Hanoi",192668,163.52,2.8,2.05,48.1,2.62e+11,110.6,28.5,16.5,75.3,43,"Vietnamese",43.5,0.82,96462106,77.4,35332140,14.058324,108.277199,"East Asia & Pacific"
"Yemen",56,44.6,527968,30.45,"Sanaa",10609,157.58,8.1,3.79,1,26914402224,93.6,10.2,42.9,66.1,164,"Arabic",81,0.31,29161922,38,10869523,15.552727,48.516388,"Middle East & North Africa"
"Zambia",25,32.1,752618,36.19,"Lusaka",5141,212.31,9.2,4.63,65.2,23064722446,98.7,4.1,40.4,63.5,213,"English",27.5,1.19,17861030,74.6,7871713,-13.133897,27.849332,"Sub-Saharan Africa"
"Zimbabwe",38,41.9,390757,30.68,"Harare",10983,105.51,0.9,3.62,35.5,21440758800,109.9,10,33.9,61.2,458,"Shona",25.8,0.21,14645468,83.1,4717305,-19.015438,29.154857,"Sub-Saharan Africa"
